Workbook

Sheet Pilot Personas
A1: Geometry of Personality — Pilot Persona Set (N = 50)
A2: Verified against actual persona JSON dataset. Prompt Style column captures a MAJOR structural dimension: 68 of 279 personas in the pool use O*NET-style occupational framing; 211 use archetypal/poetic framing. Mixing these is a confound for RQ2 unless explicitly controlled. O*NET Concept column shows the committed interpretation from the dataset — several are narrower than the common meaning.
A4: ID | B4: Persona | C4: Tier | D4: Prompt Style | E4: O*NET Concept / Archetype Label | F4: Cluster (RQ1) | G4: Primary Topics (expected) | H4: Primary Formats (expected) | I4: Contrast Group | J4: Notes / v4 corrections
A5: PP-01 | B5: actor | C5: Human — O*NET professional | D5: O*NET | E5: Actors | F5: Performing | G5: Entertainment | H5: Audio Transcript, Creative Writing, About (Pers.) | I5: Performing (with musician) | J5: Celebrity/interview register; strong Audio Transcript signal.
A6: PP-02 | B6: musician | C6: Human — O*NET professional | D6: O*NET | E6: Musicians and Singers | F6: Performing | G6: Entertainment, Art & Design | H6: Audio Transcript, Creative Writing, About (Pers.) | I6: Performing (with actor) | J6: Near-twin to actor in Entertainment; resolution-limit test.
A7: PP-03 | B7: doctor | C7: Human — O*NET professional | D7: O*NET | E7: Family Medicine Physicians | F7: Medical | G7: Health | H7: Academic Writing, Knowledge Article, FAQ | I7: Medical (with psychologist, veterinarian, nutritionist) | J7: Narrow: Family Medicine specifically (not surgeon/specialist). Personal Blog secondary.
A8: PP-04 | B8: psychologist | C8: Human — O*NET professional | D8: O*NET | E8: Clinical and Counseling Psychologists | F8: Medical | G8: Health, Education & Jobs | H8: Academic Writing, Knowledge Article, Personal Blog | I8: Medical (with doctor, veterinarian, nutritionist) | J8: Narrow: Clinical/Counseling (not research/academic psych). Q&A Forum secondary.
A9: PP-05 | B9: veterinarian | C9: Human — O*NET professional | D9: O*NET | E9: Veterinarians | F9: Medical | G9: Health, Science & Tech. | H9: Knowledge Article, FAQ, Personal Blog | I9: Medical (with doctor, psychologist, nutritionist) | J9: Health + non-human animal focus; pairs well with tree/whale on biology side.
A10: PP-06 | B10: nutritionist | C10: Human — O*NET professional | D10: O*NET | E10: Dietitians and Nutritionists | F10: Medical | G10: Health, Food & Dining | H10: Knowledge Article, FAQ, Listicle | I10: Medical (with doctor, psychologist, veterinarian) | J10: NEW in v4. Bridges Medical and Food & Dining (pairs with chef on food side).
A11: PP-07 | B11: lawyer | C11: Human — O*NET professional | D11: O*NET | E11: Lawyers | F11: Legal | G11: Crime & Law | H11: Legal Notices, Academic Writing, News Article | I11: Legal (with judge, detective) | J11: Canonical RQ1 example.
A12: PP-08 | B12: judge | C12: Human — O*NET professional | D12: O*NET | E12: Judges, Magistrate Judges, and Magistrates | F12: Legal | G12: Crime & Law, Politics | H12: Legal Notices, Academic Writing, News Article | I12: Legal (with lawyer, detective) | J12: Legal judge (concept explicitly 'Judges, Magistrate Judges, and Magistrates' — not sports judge).
A13: PP-09 | B13: detective | C13: Human — O*NET professional | D13: O*NET | E13: Detectives and Criminal Investigators | F13: Legal | G13: Crime & Law | H13: News Article, Knowledge Article, Nonfiction Writing | I13: Legal (with lawyer, judge) | J13: Law enforcement (not PI or fictional). Fiction leakage vs. procedural content is a research finding.
A14: PP-10 | B14: teacher | C14: Human — O*NET professional | D14: O*NET | E14: Secondary School Teachers, Except Special and Career/Technical Education | F14: Knowledge | G14: Education & Jobs | H14: Knowledge Article, Tutorial, Academic Writing | I14: Knowledge (with librarian, historian, naturalist) | J14: Narrow: Secondary school specifically (not elementary, university, SPED, or career/tech).
A15: PP-11 | B15: librarian | C15: Human — O*NET professional | D15: O*NET | E15: Librarians and Media Collections Specialists | F15: Knowledge | G15: Education & Jobs, Literature | H15: Knowledge Article, Personal Blog, Academic Writing | I15: Knowledge (with teacher, historian, naturalist) | J15: Broader than books: includes media collections. Literature topic anchor.
... A54: PP-50 | B54: echo | C54: Abstract/elemental | D54: Archetypal | E54: echo | F54: Abstract | G54: Literature, Science & Tech. | H54: Creative Writing, Academic Writing | I54: Abstract (with void, wind) | J54: Archetypal: "persistent resonance that outlives its source." Acoustic + mythological (Greek Echo).

Sheet Structure & Contrasts
A1: Pilot Structure & Contrast Design
A3: Style × Tier structure (the core RQ2 test matrix)
B4: O*NET style | C4: Archetypal style | D4: Row total
A5: Human subjects | B5: 26 | C5: 8 | D5: =B5+C5 -> 34
A6: Non-human subjects | B6: 0 | C6: 16 | D6: =B6+C6 -> 16
A7: Column total | B7: =SUM(B5:B6) -> 26 | C7: =SUM(C5:C6) -> 24 | D7: =B7+C7 -> 50
A9: RQ2 testable comparisons (from the 2×2 above):
A10: Comparison | B10: What it isolates | C10: Cells used | D10: Expected pattern if H1 correct
A11: 1. Style within humans | B11: Prompt-style effect (not humanness) | C11: O*NET humans (26) vs Archetypal humans (8) | D11: Style-driven differences; neither is 'more human.'
A12: 2. Humanness at matched style (CLEANEST) | B12: Tier effect controlling for prompt style | C12: Archetypal humans (8) vs Archetypal non-humans (16) | D12: Human-substrate signature (Personal Blog, About (Pers.), Comment Section) stronger for archetypal HUMANS than archetypal NON-humans.
A13: 3. Original tier comparison (CONFOUNDED) | B13: Tier + style mixed | C13: O*NET humans (26) vs Archetypal non-humans (16) | D13: If only comparison 1 AND 3 are positive but 2 is null → substrate is style-driven, not humanness-driven.
A16: Tier composition
A17: Tier | B17: N | C17: % of pilot | D17: Role in RQ2
A18: Human — O*NET professional | B18: =COUNTIF('Pilot Personas'!C:C,A18) -> 26 | C18: =B18/B$25 -> 0.52 | D18: Primary human pool (O*NET framing); 8 clusters for RQ1
A19: Archetypal human — professional archetype | B19: =COUNTIF('Pilot Personas'!C:C,A19) -> 4 | C19: =B19/B$25 -> 0.08 | D19: Style-controlled human group (archetypal framing)
A20: Archetypal human — developmental | B20: =COUNTIF('Pilot Personas'!C:C,A20) -> 4 | C20: =B20/B$25 -> 0.08 | D20: Life-stage humans, also archetypal-framed
A21: Supernatural humanlike | B21: =COUNTIF('Pilot Personas'!C:C,A21) -> 6 | C21: =B21/B$25 -> 0.12 | D21: Moral axis + former-human + mystic subtypes
A22: Non-human sentient | B22: =COUNTIF('Pilot Personas'!C:C,A22) -> 3 | C22: =B22/B$25 -> 0.06 | D22: Artificial + hybrid + non-terrestrial
A23: Non-sentient biological | B23: =COUNTIF('Pilot Personas'!C:C,A23) -> 4 | C23: =B23/B$25 -> 0.08 | D23: Plant/animal/microbial/parasitic
A24: Abstract/elemental | B24: =COUNTIF('Pilot Personas'!C:C,A24) -> 3 | C24: =B24/B$25 -> 0.06 | D24: Strongest non-human contrast
A25: Total | B25: =SUM(B18:B24) -> 50 | C25: =B25/B25 -> 1
A28: RQ1 contrast groups (within-domain separation tests)
A29: Cluster | B29: Members | C29: Test | D29: Prediction
A30: Medical (4) | B30: doctor, psychologist, veterinarian, nutritionist | C30: Within-Health separation at finer grain | D30: Pairwise JSD > 0 between roles; separable despite shared Health topic. Nutritionist bridges Health↔Food.
A31: Legal (3) | B31: lawyer, judge, detective | C31: Within-Crime & Law contrast; fiction-vs-procedural for detective | D31: Legal Notices strongest for judge; Academic Writing for lawyer; News Article for detective.
A32: Knowledge (4) | B32: teacher, librarian, historian, naturalist | C32: Knowledge-role differentiation by topic vs format | D32: Separation on topic (Education/Literature/History/Science & Tech.) despite shared Knowledge Article / Academic Writing.
A33: Technical (4) | B33: programmer, chemist, mechanic, pilot | C33: 'Technical' cluster vs. four distinct domains | D33: Separation by topic (Software Dev./Science & Tech./Transportation×Hardware/Transportation) despite shared Tutorial/Documentation.
A34: Business (4) | B34: economist, recruiter, analyst, accountant | C34: Finance & Business internal structure | D34: Format split: Academic (economist) vs. Listicle (recruiter) vs. Documentation (analyst) vs. Legal Notices (accountant).
A35: Service (3) | B35: chef, caregiver, dispatcher | C35: Service/logistics cluster (reframed after dispatcher correction) | D35: Topics diverge (Food / Health / Transportation) while formats may converge (FAQ/Customer Support/Tutorial).
A36: Performing (2) | B36: actor, musician | C36: Near-twin contrast within Entertainment | D36: Subtle separation; failure here probes resolution limit.
A37: Design (2) | B37: designer, architect | C37: Graphic vs. building design contrast | D37: Both Art & Design topic; format split Personal Blog (designer) vs. Knowledge Article/Academic (architect).
A38: Archetypal-human style-control (4) | B38: paramedic, soldier, entrepreneur, hacker | C38: Tests style effect within human subjects | D38: These should behave more like archetypal non-humans than O*NET humans on formats (expect Creative Writing UP).
A39: Developmental (4) | B39: infant, teenager, elder, retiree | C39: Life-stage contrast; archetypal-human style control | D39: Shared substrate for humanness despite non-professional identity.
A40: Supernatural — moral axis (2) | B40: angel, demon | C40: Good vs. evil within religious entities | D40: Similar bin-level profile; differences in post-hoc content labeling.
... A45: Abstract/elemental (3) | B45: void, wind, echo | C45: Abstract referent span | D45: Void: pure abstract; wind: physical phenomenon; echo: physical + mythological.

Sheet Prompt Style Notes
A1: Prompt Style Dimension: O*NET vs Archetypal
A2: The persona-JSON dataset contains two distinct prompt construction styles. This is a MAJOR analytic dimension that was not visible until we opened the dataset. Whole-dataset counts: 68 O*NET-style, 211 archetypal-style (N=279 total).
A4: Attribute | B4: Characterization
A5: O*NET-style
A6: Concept field | B6: Formal occupational title (e.g., 'Family Medicine Physicians', 'Graphic Designers')
A7: Metadata description | B7: Task-oriented, verb-initial blurb ('Diagnose, treat, and provide preventive care...')
A8: Tasks field | B8: Populated from O*NET occupational task lists
A9: Positive prompts | B9: First-person but grounded in concrete occupational vocabulary
A10: Evaluation prompt | B10: References concept as an occupational category, includes task description
A11: Count in pilot (v4) | B11: 26 personas
A13: Archetypal-style
A14: Concept field | B14: Bare persona name ('paramedic', 'void', 'teenager')
A15: Metadata description | B15: Poetic/metaphysical ('liminal threshold where unformed potential dwells')
A16: Tasks field | B16: Absent or minimal
A17: Positive prompts | B17: First-person with abstract/philosophical framing ('you are a threshold being...')
A18: Evaluation prompt | B18: References concept as a conceptual archetype, includes metaphorical description
A19: Count in pilot (v4) | B19: 24 personas (4 professional + 4 developmental + 16 non-human)
A22: Implications for RQ2 methodology
A23: Without a style-control, any tier-level RQ2 finding is confounded: archetypal prompts may pull attribution toward Creative Writing / Literature / Religion regardless of persona subject, producing spurious 'tier' effects that are actually style effects. The v4 pilot handles this by making Prompt Style an explicit analytic dimension with three comparisons (see Structure & Contrasts sheet): 1. Style within humans (isolates style effect) 2. Humanness at matched (archetypal) style (CLEANEST tier test) 3. Original confounded tier comparison (reported but interpreted cautiously) Complete dataset does not contain O*NET-styled non-humans (that combination doesn't exist for fictional/abstract entities), so the 2×2 is inherently half-populated. Comparison 2 is the load-bearing RQ2 test.

Sheet WebOrganizer Taxonomy
A1: WebOrganizer Taxonomy Reference (Wettig et al. 2025)
A2: Source: HuggingFace WebOrganizer/TopicClassifier + FormatClassifier. Classifier labels are 1-indexed.
A4: 24 Topics | B4: 24 Formats
A5: 1. Adult | B5: 1. Academic Writing
A6: 2. Art & Design | B6: 2. Content Listing
A7: 3. Software Dev. | B7: 3. Creative Writing
A8: 4. Crime & Law | B8: 4. Customer Support
A9: 5. Education & Jobs | B9: 5. Comment Section
A10: 6. Hardware | B10: 6. FAQ
A11: 7. Entertainment | B11: 7. Truncated
A12: 8. Social Life | B12: 8. Knowledge Article
A13: 9. Fashion & Beauty | B13: 9. Legal Notices
A14: 10. Finance & Business | B14: 10. Listicle
A15: 11. Food & Dining | B15: 11. News Article
... A28: 24. Travel | B28: 24. User Review
